{"cameraMode":{"drawMode":0,"name":"Shaded","section":"Shading Mode"},"sceneLighting":true,"audioPlay":false,"sceneViewState":{"showFog":true,"showMaterialUpdate":true,"showSkybox":true,"showFlares":true,"showImageEffects":true,"showParticleSystems":true},"in2DMode":false,"pivot":{"x":0.66845703125,"y":1.133056640625,"z":-0.1993408203125},"rotation":{"x":0.14546965062618257,"y":-0.703163206577301,"z":0.15053588151931764,"w":0.6795138716697693},"size":1.8580737113952637,"orthographic":true}