{"cameraMode":{"drawMode":0,"name":"Shaded","section":"Shading Mode"},"sceneLighting":false,"audioPlay":false,"sceneViewState":{"showFog":true,"showMaterialUpdate":true,"showSkybox":false,"showFlares":true,"showImageEffects":true,"showParticleSystems":true},"in2DMode":false,"pivot":{"x":0.21455177664756776,"y":0.29227161407470705,"z":0.05534768104553223},"rotation":{"x":0.41812485456466677,"y":0.008175322785973549,"z":-0.003763230051845312,"w":0.9083450436592102},"size":3.8435885906219484,"orthographic":false}