{"cameraMode":{"drawMode":0,"name":"Shaded","section":"Shading Mode"},"sceneLighting":false,"audioPlay":false,"sceneViewState":{"showFog":true,"showMaterialUpdate":true,"showSkybox":false,"showFlares":true,"showImageEffects":true,"showParticleSystems":true},"in2DMode":false,"pivot":{"x":0.0,"y":0.15708690881729127,"z":0.011049784719944},"rotation":{"x":-0.001836341223679483,"y":0.9980527758598328,"z":0.035944800823926929,"w":0.050944145768880847},"size":0.8019536733627319,"orthographic":true}