{"cameraMode":{"drawMode":0,"name":"Shaded","section":"Shading Mode"},"sceneLighting":false,"audioPlay":false,"sceneViewState":{"showFog":true,"showMaterialUpdate":true,"showSkybox":false,"showFlares":true,"showImageEffects":true,"showParticleSystems":true},"in2DMode":false,"pivot":{"x":0.10593938827514649,"y":0.5292699933052063,"z":0.05836787447333336},"rotation":{"x":0.5071501135826111,"y":0.007756512612104416,"z":-0.004564469680190086,"w":0.8618107438087463},"size":2.374218225479126,"orthographic":false}